{"cameraMode":{"drawMode":0,"name":"Shaded","section":"Shading Mode"},"sceneLighting":false,"audioPlay":false,"sceneViewState":{"m_AlwaysRefresh":false,"showFog":true,"showSkybox":false,"showFlares":true,"showImageEffects":true,"showParticleSystems":true,"showVisualEffectGraphs":true,"m_FxEnabled":true},"in2DMode":false,"pivot":{"x":-5.960464477539063e-8,"y":0.49999991059303286,"z":-2.9802322387695315e-8},"rotation":{"x":-0.13091285526752473,"y":0.8365256190299988,"z":-0.2277458906173706,"w":-0.48085179924964907},"size":0.8660259246826172,"orthographic":false}